tweet_id,emotion,content
1962220378,anger,The &quot;Catch Me If You Can&quot; DVD that I rented from Blockbuster.com yesterday was cracked. Figured it out about 35 minutes into the movie.
1957119780,love,"@IkramShahnawaz Oh I love 'em, but when I think about the kind of preservatives they're using to stay &quot;just-baked&quot; it kinda makes me sick"
1966422422,hate,twice in a week Qantas club lounge computers broken  #flyertalk
1753197775,fun,@ryezzzzahh hahahaha yay!!!! Lakers!!! And I would please like some of that dip!!
1965251257,worry,"throat is reallyyyyy sore , i can barely talk"
1751069204,enthusiasm,Making pork stir-fry and brown rice for dinner.
1965983762,sadness,@SimpleMia Yes. Need to listen to sad SP-Songs
1964324590,happiness,gotta go twitterers (?) my stupid sister wants to go on facebook  oging to montreal 2morrow so i wont be on for a while! bye!! XoXox &lt;33
1695476024,love,"@faceofboe Loved your running Trek film posts over the weekend. Will probably wait a few days to see new one, so no spoiler tweets!"
1694647382,surprise,Excited! Double Bio today.   I don't have a straightener and my hair looks horrendous at the moment. Wtf am I supposed to do?
1962994871,anger,@egheitasean Which denomination? I'm at the library and everything's blocked.
1960353321,surprise,"@bex_1210 holy crap, I need to see that! Too bad I gotta wait until tomorrow"
1695767442,love,Good Morning
1964206974,worry,@FreyaLynn it's too friggin late now.
1965401596,anger,rught brb on me ipod. if i randomly go off its cos me internet breaks
1694070524,love,loves finding new followers
1753758503,relief,"AmmoxXx great day? Woman, did you NOTICE the smile that never disappeared off my face? Ha, Murray... All cos of you, I owe you"
1958110071,anger,stuck in stupid Jeuno with flag up.  Wish I was in Windy fishing
1957244220,worry,@JonConnelly You can vote every 20 mins I'm on page 2   http://twurl.nl/hxux3o
1753820311,neutral,@EllieJouzdani nothing is going on here is guess
1695343456,fun,Hope my roommates having a good morning without TP and soap!
1965253558,worry,"@PatBrough I've been there.  The only place I have flown out of since moving up north. Really pretty area for flying, but very expensive"
1957280676,empty,"Can't sleep, just laying here in the dark"
1957610623,worry,i need to go out of office again.. i am melting..
1694201680,enthusiasm,Download movie  Dollhouse http://tinyurl.com/crbe6n cool #movie
1753585226,enthusiasm,@sookyeong u mean VIP this time ? coz of the KBS thingy ? haha..
1965525848,sadness,Looking at my daughters baby pictures makes my heart hurt
1957301854,surprise,???-?? ? youtube ? ????
1961080721,boredom,this weekends abouttttto SUCK
1964318505,neutral,@JayLenoTonight Good luck tonight on the big finale show!
1694035886,empty,"@woopow8 Hi, what are you a consultant for?"
1960583576,worry,"@the_magician Yes, apnea, but it's not the prob. I'm on meds that might be causing this.  they help otherwise so much, don't want to stop"
1965577904,sadness,Dann and I are in Vegas. We misconnected and our next flight is at 4:45 to Midway. Tonight I will be in a hotel w/o undies
1966083365,empty,dont wanna cry  but the seniors are out there graduating&amp;its breakin my heart;but im home
1963177080,boredom,"@knayam need some more enthu movie guys for that. Right now it's just you, @karmkhanna and @_Anshul"
1751987251,love,loviiing declan
1695190524,happiness,@NadavS Cant wait to do some of those things
1753467741,enthusiasm,"i want to wake up early, and get a coffee tomorrow (today) !  it's going to be a busyy day! but have to keep writing.. booo whoo!"
1695728645,love,@FunkySteph Thank you! I hope you have a great rest of your day! Have you had your afternoon coffee yet?
1964210995,sadness,came online for a big cause. ruined
1752159631,sadness,"hot wings cafe with willyum  mild, spicy BBQ, curly fries.. delicious!!  http://twitpic.com/4wesr"
1965677148,relief,sitting at home cuz my plans for tonight cancled  but they are on for tomo so that makes me happy  ctc or txt me!
1753235119,enthusiasm,"@joyfrequencies Yes, but I'm quite rusty.  I'm hoping to get back to it and &quot;tune up&quot; my skills.  Tim plays guitar.  We threaten duets."
1960349891,worry,@wolverine66 didn't get them
1751749430,hate,i blame you all!  got it??? good :p she better be in good condition 2! &lt;33 night
1964083264,neutral,"@eincline that's me right now, all I can do is stare at everyone else working on thier laptops"
1751502074,relief,@MishaSaysRawr i'm totally gonna have money to actually buy a pair of shoes this time
1694608325,surprise,@ladybug8320 that is definitely a blast from the past
1694687021,surprise,"@BRIAN_____ re:firmware. Heh, just a coincidence. I didn't do anything. Maybe the SW guys heard you?"
1963543973,hate,I think I did okay on my Math Test today. I really really really hope I did. If I didn't I swear I will get SO mad at myslef.
1962000203,anger,@cindaxo the straightener's another 110 pounds though. Seems pricey
1694016064,worry,@Meghaaa lol. sounds like don't call me babe  have done that too !! have you thought that over ?
1695805917,empty,@Lopimpson14 HELLOO
1694237803,fun,today Jon Doe plays at the Moho. ia m excited  itï¿½s gonna be funny.. but before i have to carry all the equipment and do the backline
1960495571,neutral,@Chilosa09 Have fun tomorrow night. I think it will be more fun at a bar than art gallery. Wish I could be there
1696217267,fun,@bellaphonic yay! #iPhone goodness is so fun!
1751572639,sadness,Feelin really awful. Having mono sux so much. Omg...listening to music
1963525231,hate,Ummm I'm really f*cking annoyed that my computer won't let me get on facebook. every other site known to man--yes-- facebook-- no
1963427726,neutral,@famouslyalone Me too!    need some tour dates stat!
1957439681,surprise,I'm going to bed ....it's weird the 1st time in a long time.. He didn't call and say goodnight  ... Ima lil curious
1751289234,worry,chillen just started on twitter.
1961104398,hate,hate living down here in fl. missing GA like crazy...like they say you dont know what you got till its gone  GA on my mind
1961365936,happiness,@KirstynSmith I spent 3 hours sitting out in the sun - picnic lunch + ice cream = win. We should have had a BBQ today
1752503073,fun,@ztnewetnorb yes yes yes lotsa fun  i cant wait. dont like make up with shaun too much in front of me tho cos ill get awkard haha
1962720906,hate,okay... I can't twitter anymore.. I have to study..  ugh I HATE SCHOOL.. jk. but I thoroughly dislike it...
1962827535,empty,"gor i am soo bored, man i don't think i could get any more bored"
1753694791,hate,@LisaHopeCyrus sry twitterfon is kinda shit i will stay at tweetie  this world is so unfair you always have to pay for good stuff :/
1962615369,boredom,bored out of my mind
1694440079,sadness,"am hungry.. going to eat... catch up with you guys later &amp; 4 people who are hurt by my sardonic quotes - why are you waiting, hit me back"
1966160229,empty,Trying to sleep but it's too hot!
1963158441,worry,"@hwilliams3782 thanks, it's a job that pays the bills and nothing new except for the 15 sec trailer...I keep looking but nothing else"
1693996800,fun,"@DavidArchie if you don't mind, change your profile pic with a picture of you in UK. It'll be fun"
1965977607,neutral,@angelealain  Hope you get to spend the weekend at home.
1963350616,hate,Wating to get my hair cut before prom. It sucks people screaming instead of talking.     Probably going to be wating for another hour  ...
1695731001,love,"For every kiss you give me, I'll give you three -"
1961911079,neutral,on my way to work been off for four days and i really really dont wont to go!
1751070207,love,@MayMclean BabyLove em homenagem ao Baby D
1695281479,fun,"@nuttychris Greatings from planet shannan, we have laded once again on your lanet &amp; hopefull we come in peace =/ Hmm...Haiaa"
1963157158,neutral,"im backkkk!!!!!!!! hungry as hell, havent ate today"
1961892829,boredom,i'm so tired  of being sick ALL the time!!!!
1696178807,enthusiasm,"Just got back from work, OT na naman. What's new?"
1751396136,anger,omg! goooood ass nappy nap  jusss woke up bout 2 clean up a lil then get ready
1966225608,hate,@jessicagee7 i have restricted driving priviledges...  and i didn't even do anything. stupid double standards
1960538385,boredom,trying to finish my ass-ignment.please god help me to finish it
1753155905,fun,Just got off the phone with lainey the love of my life  . . . Now im taken a crap
1957172292,hate,Its weird being at the guy's house without them here. I don't like it
1966290774,worry,@katevoegele I wish you weren't going to a 19+ venue in Vancouver
1694551684,surprise,"@brettdennen 'discovered' you at the fray last night, nice music. then saw your vlogs. really, so whack."
1958094323,surprise,"Acquiring a CentOS live CD, now where did I put my memory stick, I would like to boot from that. I wonder if I left it at home"
1694381799,anger,@paulmoxham everything is your fault moxy...everything.   x
1694165651,happiness,@QUEENKAK oh thank you thank you! Was hoping the video will be online
1751609883,happiness,@Afish0410 awwww jim jam  we're good at dodging meatballs WOO
1694089638,neutral,@deversum lolz  I'm the other way 'round. My English is better than my Dutch (which is considered weird here :p)
1753649733,relief,goes to church  hallelujah!
1957154821,hate,i just murdered two fucking mouses!!! now i cant sleep
1694665067,worry,another lazy day i supposee
1965098072,anger,@ACMcWhale I always feel guilty about it
1752534876,fun,"@facit Hahaha. No, I haven't. I think I'll reserve it for next weekend. Have some paperwork to do. Or maybe tonight!"
1957117050,surprise,recapping on britains got talent. britain seems more talented than america
1753179007,happiness,@robdelete yo  what you think of last night? was good to see ya!
1694769688,enthusiasm,"@j3nn1e ooh good!  im starting with the hardest one, gonna be at it all day. ive locked my door and im only leaving for food and toilet! x"
1694239012,happiness,@AnGee10 @malennaa yess... it's awesomee.. and u can follow ur love molly hahah....  now u can chat with us here!
1957556693,neutral,work sucked .. another 8 hour shift with only 30 dollars to show for..    i need a new job...
1751142700,happiness,Chillen with Csla.. Waiting to start.. Watchin pacquiao rerun..
1694512866,happiness,@aquapunk @_Mintyfresh Thanks very much!!
1751886224,fun,"@jumblejim &quot;A hike in the woods with four little kids couldn't be that exhausting, right? Wrong.&quot;  LOL.. Try downright masochistic!"
1694813071,anger,"@taylorswift13 Hello, yourself. Enjoy London. Watch out for the Hackneys. They're mental."
1957459568,worry,"Gone r the days wen we used to sit 4 exams.. no more exams, no more classes, no more bunking n no more fun.."
1751642372,empty,decided that wolf in a future Star Trek Logo game would be much cooler than Chewy in Star Wars
1965094393,sadness,My grandparents cat may die... I love that cat. I swear if he goes... / / /
1966120483,worry,"layenn down,uughh dunt feel well"
1694607880,enthusiasm,you'll be good eloise
1752646184,worry,"@FLallday Hey Kevin! Yeah, this one's gonna be a toughie for sure - not much sleep. Oh well, only 8 hours to go"
1694437865,relief,Still wide awake... fortunately I don't have to be up early.
1753775509,fun,Ooh I have snazzed up my profile with summery colors
1694727447,relief,"@GregorBenjamin yeah, nothing like the heat of home."
1695374594,happiness,"just woke up..busy busy busy 2day...bake bbyshower cupcakes and jays bday cake, bleach hair again &amp; see my boo"
1964090490,worry,I'm hungry  wife is at a Bodyshop Party and is bringing a takeaway home with her - how much longer will the party go on?
1694905740,love,just got back from Mcfly concert ahh it was so amazing! and I am now in love with David Archuleta
1965595330,boredom,bored fixed the internet for my dad but now im bored to death
1694626374,fun,@emmao414 Thanks Emma! Plus: Squeeee! You're my first comment!!!
1752795978,fun,Did you know call of duty has a scenario game called &quot;Nazi zombies?&quot; it's awesome and scary at the same time
1962326416,anger,i hella wanted a sausage mcmuffin but when i gt there breakfast was over
1753176870,happiness,"@emmilyxoxo wow,that must be sooo cool"
1750999137,love,In a really Good mood for absolutely no reason  tee her
1964808062,enthusiasm,@kristenyt  that's why I need to be there...To represent the Blackberries
1960138796,relief,"After being down for several hours, finally my site is back online. Silly DNS setting mistake"
1962912560,relief,@mileycyrus I would vote for you Miley but I live in Ireland  You'll be fine  Good luck! Slï¿½n!(bye in irish ) Sorcha xxxx
1965801971,love,Haven't used twitter in awhile. BGT!! DRAWING!! SUMMER!! FINALS
1957291305,anger,&quot;locked up abroad&quot; makes bein half brown good risk mgmt when travelin 3rd world. i blend. i feel sorry for my hostage magnet white pepo
1753697008,fun,"is Chillin', listening to Tunes"
1695444148,neutral,I'm at work trying hard not to succumb to the &quot;Poor me&quot; mentality due to severe allergies.  Boo.
1965313632,boredom,J Ross you can't leave the killers still singing and run the titles - you should have been edited out for more music - happy - not
1695923746,surprise,@twistedthursday She does!
1964706720,hate,God damn you Twitter!!!!!!!!!!!!!! Stop eating my undeleted DMs!!!!!!!!!!!!!!!!!!!!!!!!!!
1752940524,surprise,SNL w/ Justin Timberlake
1694418836,relief,checking iDestroy sales.... sales are good
1753075045,boredom,(@Pina) i dont know why i follow sme of the ppl that i do... they e anoying and boring. * note to self -unfollow peeps on monday morning
1965424981,hate,@harperkzm that sucks  booo.
1752749801,love,@kara_sutra what is your next youtube video gonna be about? I love your videos!
1962722424,surprise,"@exoticaleila lmao yea, I saw him on atlpics, yea I try to act like I'm still in atl  lol"
1964872212,fun,"@oakridgeboys Think these little youtube's are cool!! Prayers, my dad admitted to hosp. this am, n/sure what problem is yet, maybe heart"
1753887157,fun,"@exhilarating haha, not always, just a 2-day-trip, for a friend. But I've been here some times. That's why I know basic Japanese"
1964620757,sadness,"@jerrib247 sorry mom! I didn't mean to. I shouldn't have tweeted that, you are already having a hard day  Love you!"
1957724418,anger,"i hav a chance to win $10, $100, $1000.  i was given a free can of $ plant..have to wait till the plant grow to know if i won anythin!!?!"
1958101472,hate,IS ANYONE AWAKE?!?!?!?! oh my god i am dying here. i want to go to SLEEEEEEEEEEEEEEEEEEEEEEEEEEEEEEEEEEEEEEEEEEEEEEEEEEEEEEEEEEEP. :[
1964766277,relief,My uncle isn't coming after all
1751250830,fun,"@Malunis A couple of other guys did similar mods, so it may not have been mine that @Artoni saw. I think mine's the best, but I'm biased"
1694533703,love,@WWisewolf Hey. Oh my. Remember to take some time to actually enjoy the day!  I've loads to do too. Better crack on! Have fun today.
1694792786,anger,Monday...Funday!  Wake up people...and keep me awake please   Today is going to be a long one..I can already feel it. Eww
1752918607,happiness,Went to mikey's cousin's wedding. His mom caught the bouquet.
1751539049,happiness,"I love these App things, it be hella awesome bro."
1751466189,sadness,gosh! i'm freakin' bored! talk to me!
1751954338,love,Edward Cullen. &lt;3  Hahaha.
1695080386,neutral,@cUtEgUrLie Boring? What?! Ugh!!!  come back to of then!
1695923071,love,Gonna go to work with my honey today!!!! So exciting!!!
1694143659,empty,@tommcfly Have a nice daaaay !
1960759920,fun,@ColinOLN i'm trying to make myself like it but i haven't been successful so far. haha
1957320931,anger,@LouGagliardi  damned hordies
1694814951,fun,@lorenanne I look forward to having one very soon
1965555190,fun,"@fifleaona I work in a room in the middle of the office, thus no windows. We call it the programmer cave, I  can only imagine the sky."
1957730135,surprise,"@vibzfabz Hey, you change your twitter account, and you didn't even tell me..."
1694200368,happiness,Oh yeaah.  we'll still be bffs  aha @Sadie_marie.
1693997278,love,"@tracymacy Thanks for follow. Was just adding you from your twitter page, after commenting your blog"
1753854931,neutral,"@bopuc Kinda the same here, maybe just a damn good coffee? Same dilemma, tho."
1695250680,neutral,@colinn And on Wednesday I'll get my government paycheck.  It's like we just swap money...
1957684137,worry,@primesuspect  If only my writing wasn't so scrub.
1964567173,boredom,Ugh... Waiting.... Interminable...
1965390275,anger,seriously why did mum make me eat yeah i have a weird eating habit of not eating all day but really
1964629167,worry,have a biiig headache.
1695054352,neutral,Tea at lee rosy's
1694704997,sadness,"i'm watching missing pieces, just coz the theme song is lost without you"
1751176719,enthusiasm,Chocolate milk and subway. MMM
1964763838,anger,@porcelain_baby @Christomopher your not talking about your obsession with me right???
1961431194,hate,so much for an amazing day...some pervert just ruined it
1752354436,surprise,"@midnightbeadery Awww, thank you!  &amp; you're welcome lol"
1957378234,relief,"I just want somebody to love, and who loves me. I think and day-dream about about that CONSTANTLY."
1957520723,enthusiasm,I Need to get my friggin cameras cleand ASAP !!
1960327485,boredom,in math class waiting for lunchhhhhhhh. seniors are done in fifteen minutes
1696042631,worry,@WalkingHorse glad to hear that    Do you have a busy day today?
1962144504,hate,Ughh. That Miley creature song has infested itself in my brain!
1960598982,anger,@_hayles are u serious???? you touched his arse? ohmygod u bitch!!! lol aaaaawwwwwww y did u tell me that!!!
1752321198,enthusiasm,Think i'm going to go down to the lobby in a while to get either Starbucks or.. perhaps some ice cream
1753532551,worry,Happy Mothers Day to all the mummies  oxoxo
1753853220,neutral,@breatheprod Maya Kibbel DOES NOT have a facebook or myspace page
1752618033,love,"I also have a certain CD from camp that a certain somebody gave me...  Yeah, there's this guy in the video that's really frickin hot!"
1966332287,relief,Mosque and mini-golf! haha I tied for 1st. It looks like the Yankees aren't playing tonight   but I'll just play Fifa! ~Zade~
1694127258,boredom,@TrafficMike irregularly. And Im (half-assedly) working on an essay. by saying half-assedly I really mean not at all. Words not even open
1752646019,love,@charlestrippy LOLL im a college girl...bahahah i love these blogs they're so funny!
1695222849,love,Mother's Day is THIS Sunday.... don't forget to send her something special  http://www.youtube.com/watch?v=ExpmTEVSFQg
1752416091,fun,"I'm not going to lie, I'm loving the Ace of Cakes  wooop! LOST!"
1752226449,surprise,@mahhsaayyy imagine i would say&quot;bitch!&quot; lol if i were ma d! haha but im not cuz ur cool
1694273940,happiness,@imeldalaura it's a woodchipper &amp; it's gonna top off the weekend just nicely
1964954254,surprise,"dinner smells good...man i'm hungry. so sunny outside, wish i was at wonderland"
1963988027,love,@ToplessRobot those aren't even the old dolls...they are the new ones that look like sailor moon!
1964368765,boredom,is tired. 04:30 alarm setting will do that  Off to bed as soon as my bloody iPhone Backup and Sync finishes.
1752533749,love,Just have to say again how much I like the new twitteriffic
1964208986,neutral,People eight years my junior can't understand most of my references
1966273796,anger,Sitting in traffic while my car gets rained on. Just washed it on Sunday. Doesn't the weather know this is California?
1957744492,fun,I want to play parachute games.
1753583122,relief,Off to work
1965401110,anger,"@natss91 kill me as soon as you get here ,ok? my sister is having a sleepover tonight  and her obnoxious friends are driving me insane"
1751104299,boredom,I'm my mom's company picnic at a Lake Elsinore Storm game. Oh the things we do to please moms
1963374591,worry,@donthateitskate  please don't
1962241339,surprise,Cops tell #Tori's Dad they may never find her remains  http://lfpress.ca/newsstand
1957286023,hate,The Taxi Q at Pelangi was super loooong.. and now I'm getting headaches because of the hot-cold transition
1753839405,love,@nickmovs omg!! I'm tweeting sooo late sorry I miss u 2 good times ...NO I didn't marry him still great friends
1965824234,sadness,Bored to tears without my boys! They are at their dad's for a week
1753713473,surprise,? American Pie FOREVER. I'm watching it right now. They're running naked around on the Streets! Would you do that? I would  [ NOT ]
1695250865,worry,"has two finals left today, then starts her big girl job tomorrow"
1966092725,hate,"@niqa86 Yes bb  There are actually 2 of them, but the other one I don't really give a shit about."
1964730582,empty,Too warm!!!
1963601475,boredom,Man i am being boring today not tweeting  How are you guys?
1958120644,neutral,@CheskieBear to go in their next live chat.
1957235120,sadness,sad that will have to leave my beautiful apartment
1753632526,enthusiasm,awake and ready to learn a little more
1963552306,sadness,": What a let down! No MRI today, neurosurgeon didn't order it--which means we have to come back to OkC soon &amp; we no nothing new"
1751681679,surprise,@xmainer1 heading over to xbox  will go shopping 2morrow
1960751051,sadness,ughhh have a tummy ache
1694644524,worry,@bsweens haha they might! good luck if you're taking it as well  i'm hoping I get a 1 for putting my name down
1751249451,enthusiasm,@chaosandharmony Where are you at the mo Becks??  Guessing it's you.  Met you Tga WBW when you spoke there last yr. Business or holiday?
1965816021,worry,"Karine Ruby, &quot;former Olympic snowboarding champion dies at 31.&quot; http://bit.ly/uKRBg"
1752191333,relief,My dad knows i got drunk today. And i didnt get in trouble.
1960709516,worry,Up early for class. ((Blahh))-------&gt; Hang Over kiddies
1961571626,empty,"@usagijen I didn't like the new Terminator movie, man"
1696176467,fun,listening to the online radio; oldies
1960503891,sadness,All the people I talk to are GONE
1965016078,neutral,@ShaiAlston Aw take care babe. Dont have AIM.  When i get it i'll DM u by addy.
1961462777,hate,"FreeSat's coverage (Sky dish) is really, really bad at the moment, blocks all over the place, really annoying!  http://bit.ly/191TpR"
1962870375,hate,I cant get all my rwitters on my phone this phone sucks
1961504704,worry,@gjo26 why am I weird?
1752748847,enthusiasm,all mom's in the world congratulations
1753742857,happiness,"Yummy, 2 tacos at Jack In the Box"
1961864046,anger,@BigCatJared   What did I do to you!  sheesh
1965757595,empty,has a saw thumb from playing Virtua Tennis...
1965458648,neutral,I just want  to Sleep.
1753822419,neutral,"@sojanjose4u it's working now,IT'S OKAY!"
1962106409,anger,MOtherfuck QW
1752774150,surprise,@felicityrose why would they take a photo with stuffed animals?! that's pretty funny
1965409300,hate,Boring starting work weekend soon................ 1st need to get a Tim Coffee so I can make it through this damn night shift........
1957762576,relief,"just got up, smoking a cig and drinking coffee.. i need to start working on my final project for the univ"
1962857992,empty,@AshleyGofficial it's because finished the recordings?
1753757747,fun,@sruthykumar hahaha totally  yaayy i don't feel so alone on twitter
1696134397,neutral,@meldrum83 kids will not eat salad so they getting crisps only salad for me and mr can make his bloody own
1964689460,worry,sometimes the fact that my health for the lack of a better word SUCKS really scares me
1752505136,happiness,@Jaimie_tv LOL no girl I'm only 17! Too young for college! But yay congrats to us  where does downtown graduate at?
1751287788,enthusiasm,@labelladeanna whatsoever do you mean by 'how I get down' lol I'm always sober
1964865015,love,I Need a freaking adventure.
1960576554,worry,nomatter how much i sleep am still tired  either going to sleep early or late....
1957482979,sadness,has had AWFUL hiccups today and now can't fall asleep because of them
1957679052,surprise,just reached for her plate to get another bit of toast and realised id eaten it all  not a nice feeling
1957389904,surprise,"I'm a genius  put rug in washing machine, left folding door half open, machine moved now door won't close or open. shaking head."
1965907579,neutral,"@madpierrot im sure  s'okay, ill save my $$ and before u know it weiss will be mine."
1957746645,empty,"@chrisontv88 I had a joke for you, but it's too long to tweet."
1752917157,relief,I'm the proud aunt of baby Afrikaah Itzel 7.9 lbs 20.2 in
1753367304,happiness,@lauriepercival it was a great wedding! the band was awesome (they played a ton of great 80's songs) as was the food!
1753094338,fun,@jtimberlake Very funny Thanks
1752591361,enthusiasm,FREE UNLIMITED RINGTONES!!! - http://tinyurl.com/freeringring - USA ONLY - Awesome 4 iphone
1965314331,boredom,@grooveybianca12 nah jkin he's hot! so... bored now
1964152153,hate,ughh feel rubbish
1960817237,hate,Got the sniffles   I SO don't want to get sick - I don't need this.
1751214976,neutral,"@laralowell well, I know I am!!"
1695728231,surprise,"@prempanicker Ah, I thought management fiat was your own fiat  Oh well... And... Shripriya (or Shri if one must shorten it)."
1962058027,sadness,"Man, my sinuses r really buggin me this morning"
1964864746,anger,"Had a shower. it's 5:55 PM. Triple 5's! Crap, it just turned 5:56"
1752052404,enthusiasm,says she wants to be w/ marykay @ sendai right now
1966121456,happiness,@Wonder33Woman Yes I did see Mitch Hedberg and the whole floss thing.  He's hilarious.  I &lt;3 him.  Poor guy
1960811720,hate,"ow, I just rolled over my toe with my desk chair."
1960426224,empty,Hoping I hear something soon about Krystles surgery
1695106575,fun,Sitting with sabbeth in first period.  buhahaha we are so cool -sabbeth lmao
1957728707,anger,i never knew a dentention was so hard 2 get
1966411976,boredom,@DanielFielding i tried listenin to music 4 half an hour! Tried readin a really boring book-still wide awake!
1963900224,boredom,"ya know why today sucks? its been raining, we have no $, &amp; no possibility of a magic friday.  so whats goin down tonight?"
1752591645,empty,wants to increased my karma ~  http://plurk.com/p/suiva
1753382650,enthusiasm,@MA12CUS - You can do yiiiit!  Night
1961969140,anger,Internet is painfully slow today
1752917959,happiness,"just missing you&amp;hoping to talk to you soon..I'm so happy you're mine again, though  You have no idea..&lt;3"
1752020941,happiness,@Samantha797 Yay! Tell her I said congrats
1964617614,enthusiasm,@ItsIan ohhh your soo lucky it is nice out. Here it is rainy and humid.
1696087663,boredom,I'm SUPER tired and probably could sleep ALL day BUT I work 12:30 to 9:30 today in Tool Rental... Oh the Joy!!
1753617789,sadness,"@emilyhall92 awww bless him  i am indeed coming, 68 days woooo! are you?"
1962565407,boredom,jus sittin in da libray and this stupid computer wont let me order any mac foundation
1694904572,fun,"@augusten Ha ha, that's really funny!"
1964602268,anger,Gah! I left my glasses at work and reading is giving me a headache.  I can't believe how much I need them these days.  Old age.
1695408032,boredom,Stuck on NJ Transit for the past twenty minutes. Great way to start the week
1963569628,happiness,FRIDAY so freakin happy today was an annoying day  buuut WEEKEND! TGIF&lt;3
1960152622,happiness,"@i_dulay i swear it took me 2 hours to get from bel air to alabang.  but yes, i LOVED reminiscing about our HK trip with you &amp; @cdeocampo"
1961501807,anger,"@wmdev Every time I succeed with a code, I get &quot;We're Sorry. Your Credit Card Has Been Declined at this time.&quot;"
1960995562,neutral,i hope my morning show doesn't get cancelled!
1958114835,sadness,@lesley007 Morning Lesley...ya making me jealous
1752322414,enthusiasm,@TheWayIRoll HIII!!!!  i've missed you  just bored....what about u?
1751885216,neutral,@visualheart another purse? Need to see photos.
1965518352,neutral,I'm new at this and I don't have any friends now!  please comment !
1753254884,empty,Is @ the pantry
1962220603,sadness,Hi ho its off to work i go again
1963750715,empty,I want a fake BLT....
1751176829,relief,@Joviswillow Loved those books   Did you read The Host?  Amazing storyteller.
1751213391,love,Happy Mother's Day to Us  FOR NOT BEIN MAMMAS YET and being lucky enough to live our lives a little 1st
1964451215,surprise,395 votes for Hungary?What? But....but...the Nurburgring...  http://tinyurl.com/mtfye3
1965495333,boredom,"We are on the slowest train ever, it stops everywhere. Missed a quick train by a few minutes"
1960431374,surprise,"@chelleis Whoa man, now THAT was a great one. I went to Heaven for 5 seconds. U know why lah but pls shhh. LOL. So sorry u weren't there!"
1964387125,sadness,"When you FEEL you can not LIVE without something is when IT is taken away.   Oh, to do it all over again with what I know now.    Movin ON"
1753728489,happiness,Gloomy day can't stop my bliss.  I hope Ronaldo will score in derby match today.
1695002255,enthusiasm,is upload video geje di youtube  http://plurk.com/p/rqaoe
1695510921,surprise,@mystic23 Congrats on the tax refund.  Those are always nice.
1694705347,happiness,Flickr pics Chester Zoo: danwtmoon posted a photo:   &quot;WELCOME&quot; to Chester Zoo by Jockey  http://tinyurl.com/cq7qw8
1752871497,empty,@Elizabeth_N - me too!! I don't want to ooze while speaking either!  (why do I have lame jokes about wiping social media off my shoe? lol)
1964332898,sadness,@epiphanygirl man i missed it!! Ive been waitn all day 4 u 2 giv the tix away &amp; then whn im rappn up @ wrk u gav my tix away! Im sad!
1961151838,worry,i know im wrong .. just give me one more chance   sEnti .. :]
1753157214,empty,@pyrat_ ay beezy! finally lol its time to hookah so get off twiiter...love ya
1964620588,love,Heyy.thnxx.or.inviting.me.to.ur.party.rob.ill.be.down.there.on.june.24th.ill.miss.u.when.u.go.to.italy....   &lt;333333333 txt.me.hon!!!
1753432987,surprise,"wow this morning 8.15 hrs ding dong breakfastservice, was a surprise of Marjoleine, Guido and Dirk for mothersday.Mother hapy, father too"
1694089867,neutral,@zhayrar Aw you are and you're welcome
1753804871,relief,Going to take it quite easy today actually. Yesterday was great but it took a lot of energy out of me. Going out for some pirating later.
1753787776,surprise,@hihat7 Go to main settings page for iPhone and scroll down - you will see it
1694221214,relief,"grubs up  so nice being cooked for, I feel like a princess every time"
1964826940,anger,@JennyTaylor94  yer it is...poor little cock  but she well doesnt deserve the stick off everyone! cowell once again going against producer
1957346003,sadness,now im gettin a complex my followers are shrinking   want to make 100 b4 Sunday
1753884983,relief,"fear crept in but it's already been dismissed. now let me do this thing right, coz this time the feelings are there and it's so different"
1694165895,boredom,@aussiecynic Watching you work is exhausing. Just thinking about it is making  me sleepy
1694666577,fun,waitin 4 the skool bus soo tired nd still soo much 2 do...want 2 b lazy nd sleep but since I cnt ill sing all my fav songs
1957340996,worry,"Well I did run over a cat today (I know how sad) I cried and screamed my lungs out!!! I felt HORRIBLE, poor thing"
1962714445,sadness,spending most of the weekend working.. that doesn't even sound fun
1695922856,fun,@Raderr but yeah i like purple maybe thats why!! ;)  :p :d
1962196815,hate,"I want to shoot Viva Hate... this is only the second time since I got my new camera I've had a chance, and the other was pitch black"
1963218200,relief,Getting oil change. Apparently the mice that have been eating my birdseed in my garage have also been eating my air filter.
1960565313,enthusiasm,"@KatMeyer Hey, is the #beatweetup badge required for tonight? Just realized I left mine at home!"
1753803576,relief,Filming the very last scene of Afflicted - then it's on to sound design... soon! soon!
1960994113,neutral,My bum hurts.
1694291332,neutral,is over it.  http://plurk.com/p/rp5np
1751359197,relief,"this aztec mask is harder then i thought! but u kno what, i think i did a pretty good job for not being an artist"
1962213285,anger,@msaysrawr *points at the gear question I just posted* I cant get the rest of my Dreadweave set
1753820444,empty,@Donny_B if you're in leeds you can have one from me
1695805900,neutral,@joerumore that is true. It's up to their discretion. Being nice to them also helps.  So far I have not been turned down ;-)
1965762657,neutral,missing Tim!
1958075486,anger,"@LeahMul awh, thats not good,   get better soon!"
1962222720,boredom,I totally want some white chocolate macadamia cookies from Mrs. Fields but the mall is soooo far away. Bleh  i think I'll make my own
1694436949,neutral,@videogareth yet...
1753551275,relief,"Have just slept for 14 hours, would have been longer but working this pm"
1752645396,relief,there's not many things better than sleeping with my windows open
1960660348,fun,@briancash Yum...wish we could be there today. I have a cold and don't want to infect others...so we will miss our Friday session.
1962320016,surprise,wow! Leonardo DiCaprio and Jennifer Davisson Killoran are the producers  of the movie: ORPHAN  !! i have direct contact info for them too!
1961215208,hate,@AnnieOleary its not a starfleet one  its not even a romulin one  its like the random one i dont remember ha. and you cant wear it! lame
1694726341,surprise,@eugenechua Tasmania devils and the mad cold... Not a bad start.
1694625654,relief,is finally starting her assignments
1753007675,love,@just_another_1 I love that we just get a little peek of your dimple
1694748187,neutral,"@ninjastalk HEY, BABEE. ) LOVE YOOOOUUU. &gt;&lt; RP time."
1753257239,anger,@anieszkaa haha i did a ltiitle bit yesterday and ive been out all day  so i think ima chick an allnighter  hahaha NOT COOL
1966410624,surprise,@bewarethegeek i just found out one of my fav high school professors died this week. he wasn't even supposed to retire yet
1694726444,worry,@jonconnelly will add that. It should be hard really to keep track of 500 avatars.
1751178344,love,Awe My Mommy Just Said She Loves The Cat  Meow. Apparentlly The Cat Cried When HE Was Born.
1960949098,neutral,@saynerd01 omgg hhaha nooo! drag me to hell is EVVIIIL! and angels and demons supposedly sucked   ohh no haha
1960820637,sadness,i need to get my life together aka my apartment all cleaned and back how it was before my birthday
1694347553,love,is loving life in sydney
1961282376,anger,Stupid red hair is too difficult on the upkeep. Re-dyed it a more manageable brown-red. Boo
1960467577,sadness,"just woke up, its laura's last full day here  Last night we watched embarrassing home movies"
1694331500,enthusiasm,@margotrobbie oh that makes sense! Well you are officially my first @reply from a celebrity!!
1752445239,hate,&quot;you think yo shit don't smell? but you are mrs. P-u&quot; Lil Wayne sounds the same in ALL his songs
1964770321,sadness,feeling lonely
1696219758,enthusiasm,@mariannemarlow It is a drink but they have a trainer brand too.. http://www.office.co.uk/brand/babycham/8 &lt;&lt;have a look
1960538791,boredom,@MeanMillies boo
1965796099,anger,FUCK. slept in
1963173934,boredom,sitting next to bed. cannot lay down because iPhone charging cable is too short.
1956996470,worry,"@poinktoinkdoink He died.  Wait, what about Magic Jack? I just read it."
1696215828,relief,@naeem_coza @strandloper Yep. Live and learn
1966306931,sadness,i hate it when my bff is groundedd  boooooooooo
1694164379,relief,@irisush im glad  i dont have to go out...
1964666031,sadness,@beckyhope ahh yeah i get what you mean i have an Alevel retake exam the day after the gig  so yah im pretty stressed!!!
1751918803,fun,@TxKFilms Yay! have fun
1964875146,sadness,God! They look stumpy... I'm not sharing my toes tonight
1961692427,hate,"I had to postpone the photoshoot. Stupid Wisconsin weather. Why can't it be sunny? Working out, tanning, preschool grad night, then out!"
1694605407,relief,@tialebott haha you are just as bad as I am.... Well perhaps a little less retarded . I am attempting to knit myself gloves this winter
1960510011,hate,feels so used I hate guys grrrr
1966129930,sadness,"@AwkwardTown I know. I think I'm going to have to miss it, though.  This is when sacrificing money for job happiness sucks ass."
1965541573,boredom,Just got home from the BEA &amp; it was kinda boring (2 me) this year  but hung out with some GREAT authors &amp; co-workers!
1961816294,hate,"is somewhat irritated by people coming up to me and asking if I'm so and so from TV, or that I look familiar. I thought I was original."
1695003912,love,Hello TwitterFon. I'm so glad you're back
1752257559,enthusiasm,"Home finally! Im soooo tired and kinda lonely now, blah but w.e I'll cuddle in some blankets and watch a movie by myself  sounds good. Lol"
1963375194,boredom,@SapphireElia If its sunny go to the beach! Im stuck at home doing essays when its 20 degrees
1753195329,happiness,"Man, finishing &quot;Operation Anchorage&quot; sure gives you an unfair advantage, loot-wise... I love the stealth field suit and Gauss rifle"
1694812470,empty,Currently working on a collab with Alynn Carter called Lost Inside which I'm very excited about
1752472899,worry,@katekintail Better than nodding off when you're &quot;IN&quot; one  LOL
1694458351,enthusiasm,Don't let the sun catch you crying - Oh my.. so cool  http://tinyurl.com/cugy8c
1963126649,anger,"Wow, I'm really bored... and pissed I left my library card when I had to take the Booky Wook back..."
1957128448,happiness,someone take me to LA  I NEED TO SEE THE LEMON TREE
1694238263,empty,"@ElvisHsiao Twitter doesn't have photo support built in, but I welcome you to try my website http://woo.sh to share the photos"
1962743903,boredom,@starstruckfeie  i have no one to watch it with! ma peeps  are actually focused on their finals already!
1966206110,anger,UUUUUGH!!! I HATE I MISSED @WAYNEDASTAR INTERVIEW!!! I WASNT AT HOME!!! DARN!!!
1752160913,love,yay i see @PrincessSuperC awwwww damn it's about to be on
1751752161,relief,over him  finally
1964163268,hate,Work till 6..then dreadful tv shopping cause mine broke
1963002597,hate,@dougiemcfly me too. shit.
1752503151,empty,just woke up from a nap...
1751987396,neutral,@eridge I was just thinking that
1963521132,boredom,Bad week for connectivity...Arlington Panera wifi sucks. Maybe head to Legal Seafoods at airport. Dang...missing Metaverse U stream.
1958132008,neutral,I want a new mountain bike
1695375573,happiness,Getting ready to to to school
1751035483,surprise,downloading the right/real speedracher now.
1753695005,fun,"@monabarry yeah whatever, so that means he was chatting about me all night then, lol"
1751142389,enthusiasm,"@MCFAN247 Glitter, she sings on it!"
1962930707,empty,Breaking the daily build broke my daily plan as well
1957673495,relief,is gutted to be at work when it is sooo nice outside
1696216005,worry,monday morning. what to do. ...puzzles!
1752846874,happiness,off to bed I go..have a great Mom's Day all you moms!
1957396708,hate,"is tryna find her a 30 yr old junt with a 401 k, stable job, good home with an extra room 4 me and my baggage..so tired of u young dudes"
1962781067,anger,#twitterfails fucking hard right now...this is annoying
1957237503,hate,and this stupid wireless wont work downstairs
1752505643,surprise,@chrisfromracine That's for sure. That's why I intentionally turn my thought processes to the silly
1695884363,enthusiasm,@MichelleBlanc Fï¿½licitations!
1696087394,surprise,@killakim NEW FRIEND?? hmmm... tell me more
1961892785,sadness,"Boys are sitting down for photos, no touching and no handshakes allowed.  #asylm"
1961570919,surprise,@twilightgossip sad about young love coming to an end  They were sooo cute together!
1961105110,boredom,@h269 revising as uni exams are looming
1752563533,relief,just finishing studying for LSATs and watching VH1 Soul
1965516640,boredom,@jambomb oh that looks boring  and even more boring you have an exam on a saturday
1753381519,neutral,@Alexa_13 You are
1750894214,happiness,@IvoryValentine have you seen &quot;The Fifth Element&quot;? makes &quot;super green&quot; a lot funnier
1961066579,hate,@RobbiedaKid no I was too slow  I hate getting the trailhead then not getting in.
1963293604,fun,Getting ready for a going-away dessert reception for a colleague who's off to grad school.
1962876646,sadness,@AttyBowen me and Arlando are totally done. I havn'e talked to him in a LONG time!Now I just have to find a 'worth while' man...
1960253190,relief,I guess I am too freaky for followers.
1694549471,boredom,#com125: we have a quiz! again .. Feliza is bugging us again  its getting very annoying!
1752942329,happiness,"@JaybzS Hi! We get to try out new restos..so yea, it fuunn  Let's have dinner when you get back!"
1957597348,anger,lost all my files since high school.
1695478035,enthusiasm,"@JGDemas Hey Muffin, good morning to you! Grt textin wif ya last night"
1964645073,hate,"Q: what happens when you don't marry your ex? A: you dont get a ring, therefore ending up with NOTHING to pawn when u need $$"
1957530907,boredom,"don't know what to do today.  amazing weather and i'm sitting here, great."
1963047425,happiness,@sunshineangel89 Yeah..  Of course next time. ;) ICQ?
1957083641,anger,fuckin'm transtelecom
1694928964,fun,"&quot;I don't like Monday, i wish it were sunday, cause that's my fun day.&quot;  that was my freaking jam when i was little.   i miss it."
1694145945,fun,@TheAppleInsider I will later today since I have a planning for today
1694181452,empty,got the twilight board game today  good old ebay..
1751608146,happiness,havin friends over hangin out with christian tonight!!  gonna roast marshmellows and chocolate and cramcrackers.!?!?!
1962520993,enthusiasm,"Working on this DAMN Financial project, Definitely not having any fun this weekend  , I want to spend it wit my BAAABY waaaah"
1961295754,worry,I wish the weather would be slightly less rainy so I could use the hot tub.
1695583195,happiness,I'm pondering lunch at Shane's. I think. I can already hear people whining about it...
1961220489,love,@mrinal and the other variable types that we have are not going to be any helpful here!  what is the margin of error here?
1964946925,relief,Is heading home from foot surgery and wishing she had a boyfriend to come over and cuddle with
1965295852,empty,"I just put my computer up on craigslist. I've had the same case, monitor, and speakers for over 5 years."
1957522759,worry,"@MarieLuna I'm sure it's not what you think. Is this really you? i saw you couple of months back in NAIA,was shy to approach 4 a pic."
1964891929,relief,@xplode hahaha wow thanks bud :p but my plan is to pretend its a costume... I wish it were cold so i could wear a sweatshirt over this
1964454192,fun,Hmm...what to make for dinner tonight???  No clue.  Don't feel like cooking anything    Hubby wants to go away tonight.
1961479263,surprise,@lpostlethwaite no I wish. Just a van that comes round. We missed him
1965677111,surprise,@meryreino Really? Awesome..Im mad cuz my followers r goin down  *Take A Breath*
1965986936,surprise,@mileycyrus hehe his name was Jack Dawson &amp; he died on the Titanic  u c that movie Miley?im watching it rite now. amazing.tell Leo I&lt;3Him!
1964325219,hate,"damn, my photo is gone!"
1957511342,happiness,@drewpeacock85 cool dude! yeah i was hoping your rate was still $2.75. lol! yeah not sure when ill mar and par for my birthday dinner.
1753116754,sadness,"@teksone No, I'm in the US for the weekend not the UK"
1695961420,love,after pub lunch am now going to daughters for tea life is good
1960327138,hate,@jojeda I'm a minute in and I want to strangle the used car salesman doing the presentation. Is he related to the ShamWOW guy?
1752797671,fun,@missflipflop Night girl! Seriously want to hear stories when you can
1752942495,love,is going to bed soon. happy mothers day to all the mothers  &lt;333 ryan less than 3 weeks :]
1694016396,hate,"@AndriaAndCo  Don't forget Twitter, the bastard step-child of enablers"
1965098818,enthusiasm,Aww chamber callbacks... Soo emotional
1957760171,empty,"sittin here bored az hell...nuffin 2 do at lyk 3:30 in da morning in monroe,louisiana!!!"
1966061628,enthusiasm,@dnbchik ohhh that cant be very fun    but hell you manned it up!!   looks like you got some shit done today!!
1753451318,empty,Is going to sleep. Good night everyone!!
1957249686,boredom,Friday tubes at work are slow..
1751175528,empty,tomorrow it's the final competition
1965386405,happiness,@kimble09 yeah   but I'm jus glad the thunder stopped .
1960432151,hate,Some idiot just crashed into me on his bike.  Now my bike has a small dent in it and I have to buy a new set of pedals
1694204371,enthusiasm,@Hayday12 keith... im better now
1963527292,empty,"@pokeymcslow if he did, he would say hi."
1962308105,love,@LolliroyAngel yep im very jelous too  id love to be in miley position haha x
1963586602,fun,someones dead on army wives. Dad just laughed and Mum got annoyed with him. I wanna watch Britains Got Talent
1965095737,worry,"actually, i like almost everything about my job right now. except the part where it's not permanent"
1753384258,love,says again.. happy mothers day to all your moms  http://plurk.com/p/svdsh
1695443960,happiness,"@ukrainiac yea, I was just about to say something  It's great to hear! Ukrainian!"
1957306189,boredom,@Natalija been there  sucks like hell.
1964204774,empty,"@TomVMorris Tom, your FB link isn't working."
1961128587,sadness,My job sucks!!!
1963426965,boredom,"Ditto that, my friend...BORED! Oops, now I have an exciting problem"
1962416164,hate,"specially when you're already burneded. wore mums shoes as well, and now im all blistered. it sucks balls.."
1965534896,anger,"@maddsie Thanks, none close to me."
1962777124,happiness,@adonkim Sounds like a nice relaxing afternoon. I have to mow the lawn and walk the dog
1963065157,empty,It's a beautiful nice day and I'm stuck inside!
1751851447,relief,eating oreos and milk
1962959665,anger,im writing an exam on a SATURDAY  that should be illegal  where's my weekend?
1751986115,surprise,he's pretty cute.
1751178390,surprise,@astonesthrow @debsparkles @sheabath1  - Overwhelming lead for Strawberry Lemonade!!  My husband voted for Banana Fosters tho.
1694686470,worry,Head in the clouds
1751645529,hate,@amilliemills neva mind ya friend had called me jealous and i wanted to kno of what literally of what but its ova  is my tude now
1958115243,boredom,im bored.. RC is goin maintenance
1694349443,happiness,"@uhandbag I will  I enjoyed doing the peg bags, I've adapted the design for a tote bag  Bit cuter than I normally do"
1963177811,sadness,O dios acaban de tocar The Pains Of Being Pure At Heart en el primavera sound  life is not fair
1957708223,enthusiasm,company is offering 2nd round of VSS RIF!
1962171118,anger,No gas PLUS no money = Desperation!!!   and that's the word of the day!  http://twitpic.com/66zls
1751715726,enthusiasm,"@TheYotesDiva Yep, I tolerate nothing in the facebook group"
1751142945,enthusiasm,"making more muffinsss, wheat jerm AANNNDD psyillium husk"
1694366135,relief,@butterflykate Oh ok..we're supposed to be going to see Star Trek on Sun for Daves b/day...at least it's not Shatner
1753499286,fun,@bradiewebbstack haha sounds like your going to have heaps of fun  xx
1753347240,empty,should sleep more.
1961749720,sadness,: why is it so cold!?!?!
1962192529,sadness,@danger_skies miss you too :'( it is!i never want to come home.....seriously
1694091954,love,@kyleandjackieo Fighter - Christina Aguilera. LOVE that song
1696178900,fun,high &amp; dry goin to have an ice cream now with my best friend.
1753855043,enthusiasm,@BlokesLib i look forward to that. if u ever write 5 Things a Misanthrope Must Do to be at Peace w Humanity i'm up for that as well
1694587720,sadness,Waaaa. I ran my machine problem! Yeah!
1753498487,fun,"&quot;Completely dishwasher safe, except that the pattern might come off.&quot; Blue Coat humour at its best  Three cheers for Viz"
1694367670,happiness,"@amandapalmer He loved it, so Happy Birthday!!!   He said you sounded like a mixture of John Lennon, Chrissie Hynde, and Janis Joplin."
1963386412,hate,@Esme_Cullen8 i hate the rain *laughs*. thanks *smiles* i miss her loads i couldnt stop crying before
1962829311,boredom,I feel like I have to throw up.
1752476356,sadness,"Apple FAIL. If you set up a new British Mac, the dashboard weather widget is for London, Canada, not the UK one  (Hard to tell too!)"
1753272387,relief,Morning tweeps  Looking forward to a relaxing Sunday. Happy Mother's Day to all the moms out there!!
1753775259,surprise,"@Lindsayslifee goodmornin  as soon as i saw ur pic, it reminded me how embarresing it was yesterday. with oliver&amp;peter. it was fun tho xD"
1753008360,love,read twilight and new moon keen to read eclipse and breaking dawn hmm twilight was better then new moon but there still awesome
1753400331,enthusiasm,@xCarCrashHearts ironclad determination?
1695921690,happiness,"happy! did crepe, again!"
1753534398,happiness,Aly &amp; AJ new album this summer. YAY!
1957744649,hate,@cynimarie p.s. There is such thing as having too much sushi! Bleeeeah!
1695546329,surprise,Excited about having an empty apartment to ourselves for a little while
1752020164,relief,@arinbjorn Thank you for sharing. I appreciate your honesty  I hadn't tweeted for 30 some odd hours and got a little tweet happy.
1695441507,relief,school for a bit. glad jake got the day off
1694091056,love,Enjoying time with the g/f
1964085747,anger,Wish my headache/almost migraine would go away!
1751036256,enthusiasm,"@Spacegirlnz DON'T PANIC! Hehe, it will be fine. Email it to me"
1962993589,empty,@djknucklehead http://twitpic.com/665n7 - I dont like it
1751819737,fun,"@10veisonitsway OHSHNAPSSS. is she pissed at blair as usual ? hahah. &amp; yeeeah, i bake cookies"
1963474741,enthusiasm,@rachelgirl5 I can't go to the grocery store on an empty stomach. That's trouble! I wanna see ur show but not sure ill get to  let u kno
1963859530,anger,"Big Laptop is too big, so it's time to switch to the Eee.  Bye big guy"
1957044366,boredom,why did i agree to work a double shift
1965090397,enthusiasm,@KrissWouldhowse I WANNA GO.
1752918859,worry,@chore4n yeah... WE STILL NEEDA HANG OUT! Lol. I's glad you had a super time at the show
1694531326,love,"@Dr_Peabody I'm pretty sure we got sent home a couple of times too. 'tis the week to remember Mary, Anto's granny&quot;the love is all around&quot;"
1694493269,sadness,"@Zobi09 Haha yes I do  it's hard work, too! I didn't get home until 3:00 AM, not like I sleep haha."
1752848084,enthusiasm,Your the supporter  its totally up to you
1966171271,neutral,laying across my bed... hurt my back a few days ago
1965442023,sadness,"Having some Coronas, and have a bad craving for Mexican pastries, but i'd have to go to Uptown to get some"
1957509927,boredom,just woke up day off and need to go in to work that sucks. Also have to go dentist for filling at 12 then st helens for mri scan at 2
1961147777,enthusiasm,Just got up. Need to leave for class in a hour.
1966093934,anger,too sick for rigging tomorrow.
1694181339,worry,better finish off an order for this little guy first tho   http://tinyurl.com/cltln9 Time to go   Cheerio an Drasda!
1961964001,love,Had a fantastic day with an amazing girl! Just wish Sara didn't have to go home.  #fb
1963235457,empty,no bbq today  i guess a mini calippo will have to suffice
1751713870,boredom,@jodimariethomas hey Jodi.. what's up??ugg.. im bored.. i just made a sundae.. c u monday.. ( hahaha it rymed...) loll. cu in school
1695054674,love,Very good morning! Coffee and a taylor swift cd starts it off
1753115218,relief,@glennguan your test works fine for me  tweetdeck is so cool eh?
1752822506,relief,Studying like crazy in hopes of acing all of my exams!!!!!
1752773422,enthusiasm,"@Ms_Mary_Typhoid Are you coming to the wedding?  I want all of his friends to be there?    @TheDeadpool Right, sugar?"
1696043975,love,&lt;3 alayellow
1960124303,neutral,"Academy Rector with tons of tutors looks like the way to go, since all the good Trix draw engines and mana accel is gone."
1966218964,boredom,I'm so tired. I don't get how I am. I sat on the lawn mower and didn't push the whole damn thing.
1753869024,worry,"@JamesHancox i don't know why but, i can only find miss matched socks during winter. i mean, where do they all go?"
1965335930,hate,can't upload a picture. I already hate twitter
1961909603,enthusiasm,Stood outsiden got the WORST butterflies everrrrr!
1695375082,neutral,"@Decordiva Yep, getting some material together for my 1st USA pitch to realtors. Haven't quite worked out the angle yet, but it'll come"
1752320728,neutral,@penguinm That comment was just to ..well you know...to not reply to it.
1751952613,love,"@zownder Hahah, thanks for the Tradewinds Odyssey bump."
1751884973,happiness,Just at Starbucks with Farrah!
1694183657,neutral,@mohdrafie Theres no such thing
1752535472,boredom,@PurpleFoodie yeah...I hope it turns out... 20 more minutes!
1693957440,love,"@urbanpinkpixie Susan Egan, I love her! And yeah, it said I would have a pleasant trip."
1957744150,empty,"Woe, it's definitely NO fun to travel first class with a bike. You have to fight your way through 7 coaches 'til you reach your seat"
1751919618,relief,@asiareeves I'm just glad it turned out okay for you!
1961570593,surprise,There is a sadness in the air at school  but I got two awards!!
1961875139,hate,This is slowly going to drive me crazy i hate leaky faucets they're frustrating! I'm ready for a nap but there's no naptime at work
1750928268,relief,@vogonpoetry42 At least there's no denying nerd is part of it!
1963569138,empty,@TreeinCally  He's got adjusting his mate's online shop... Zzzzzzzzzzzzzzz... Boring...
1694789658,happiness,yeah! I'm going to Makati Cinema Square with my dad later. haha!
1751500740,worry,@karramandi Where r u Yvonne?? Haven't seen u in the google groups in a day or so. Miss ya.
1957730729,empty,so bored...
1752918064,happiness,so bryan was at the sweet 15 and i didnt think we were gonna talk but towards the end of the night we talked
1957589597,anger,"Did a historical Jesus ever exist? Im finding it hard to prove, its all hearsay accounts ... it bugs me ..."
1695619285,enthusiasm,never twittered b4 but here i am wondering what to do next...jared?!?!
1695251049,worry,"Monday mornin', back to work today. Good thing I live my job."
1958066406,neutral,needs 1000 words for 502 part 2 .... then freedom ..... until another few assignments and exams
1957249452,sadness,"@kesoleil Oh man, Did Yogg today. Worse than last week."
1753029316,neutral,@eboni_ife not to forget cinnamon!
1957207486,empty,@Steinmoney      You'll be missed!!  Bring me back  a keychain!
1753790753,relief,@tessajames01 cool i wear black most of the time when i go out
1957188950,sadness,home from school had the shitest day today
1695731693,love,Today is my Mother's birthday- Happy Birthday &amp; I love you! She is an angel whom has helped me so much during this time of my life
1957460469,worry,"@Wykrzyknik uff, ble litt trist av ï¿½ lese den siste tweetsen din  the challenge prooved too be tough!! :'("
1694384688,fun,@beijingboyce  I am seriously contemplating timing my next trip home to catch his next fight. They show it in cinemas. Live! With beer!
1695344846,surprise,"@cameronfrye Awww, that's amazing though! I've never been to a SoCo or JM concert...but once Zac hanson gave me his drumstick!"
1694771088,surprise,"nvm, lexi's playlist is working its magic"
1961521707,empty,Can't even tell you how much this hair dresser is pissssssing me off she has no clue wtf I'm asking her to do..so I'm expecting the worst
1963409963,empty,Just came back from school.... Packing for my dad's house
1957477724,anger,My stomach is all EXPLODE from the wendys  why is everything that tastes good bad for you?
1961573504,surprise,gah! didn't realize my meeting was from 9-12
1753031206,love,"Welcoming new #followers: @chillisoft, @Hansieboy, @keylman  @luongdat, @pleasehelpmenow &amp; @FLWbooks. Thanks for the love. Tweet on!"
1752871380,sadness,bye daddy!! see you on tuesday
1957588348,boredom,@solobasssteve I'm with you there - filing is so much less fun than sorting cos you still have to look at it &amp; hunt down details
1962310128,hate,Ready to kill myself  i hate history
1960956204,empty,@annakayh your not in school
1695657297,happiness,death cab for cutie and slouchy barets  its a good way to start the day.
1957501257,boredom,My brother just woke me up to help him with his homework. I'm not happy
1694109928,relief,Ill have a photo up tomorrow! Kay
1752774291,neutral,@noesh leyendo
1961569799,anger,@aranarose Murphy's Law?  Sorry that your computer is not cooperating when you have lots of work. My kids are .. http://tinyurl.com/km235x
1961224347,boredom,Its seriously quiet and lonely here without Bunny
1694401634,worry,is watching wolverine at last.
1751430555,love,@Oprah Happy mother's day Oprah.  You're a mom to your girls too!
1694905087,neutral,"@Geelong_FC sounds good  maybe some player quotes, photos etc I'm living in WA atm so would love bits and pieces from the Ady and Sun"
1695249907,enthusiasm,"@tamij Have a good day.  I'm checking out Hugh today. Also, be on lookout for best &quot;cassoulet&quot; recipe you will have ever tasted!"
1957188633,hate,Doing a mass cleanout of my room before rearranging it. Just sent mother out to buy me a bin and a bookshelf since mine sucks. Bad mood
1962235394,empty,@_Glitter_  kk but 4 sum reason its not lettin me vote 4 them
1752052047,relief,Yay got the Internet on my itouch working
1753789282,worry,"@jonesyladdd SAME. its just not happening, and im going out too!. UH-OH."
1957379307,fun,Walking to work on a gloriously sunny day. Going to be a good weekend in which I will burn as always even with suncream on  #fb
1962652280,boredom,@vmlemon i dont like #kde since ver. 4.0 its like vista  #fail
1753434076,fun,@ohaiijess it would be cool if they had people make videos of themselves miming the song and make one big video  so EVERYONE can be in it.
1751322906,love,Dave looks so cute in the dark
1694146045,neutral,"@loveivy Oh, I see. Daily life shots? It'll be interesting as well."
1695803076,fun,"@CoachCharrise its funny, I didn't even know it was there!"
1965988154,anger,"@PENLDN just got in, gonna go upto bed in a sec, not drunk! I'm disgusted with myself  haha"
1753292226,relief,@firedwarftj i was right about the wave off
1752823791,surprise,@brabakr @Elikapeka @BeachMomOf2 Oh Duh....I see that now .....thank you....
1960711232,sadness,the columbus blue jackes may be movieing to anew city to play at  thats sad news
1752822438,anger,Just sittin here waitin for my coffee to be full grown on farm town before going to bed
1957410954,empty,is tired of being tired
1964034674,anger,@FafsaHelp i don't know what lender it was? yea these people definitely sucked butt toes. NOT friendly or helpful.
1962069581,enthusiasm,"my mouth is sore  I have to wear these stupid retainers so my teeth don't go crooked!...in other news, I got a new swimsuit for laps!"
1752506292,love,happy mother's day!
1965295438,boredom,TGIF... Hubby dragged me out to buy car parts. I am tired n cranky
1965017645,boredom,my brother left me for the day now I am here by myself
1964993119,sadness,i hate when i paint my nails because then i cant suck my thumb because it tastes bad
1965525688,empty,my bf had to go to her dads for the week end. i will have 2 full days of bordom.
1961219902,enthusiasm,@JanaiChristian While im stuck INSIDE in Elk Grove Village working all day   Someone should enjoy it!
1965554037,worry,@mileycyrus i bet you miss trace loads
1963508853,empty,"@VANS_66 I haven't had slip-ons in years, since my checkered days. Matter of fact I only have my torn up all black classics."
1961477134,boredom,The gigantic initial inertial to get oneself to work after a deadline
1964326224,surprise,"@JSNorwood oh, are we not doing that anymore?"
1694015825,neutral,"@erickaxx it would hurt only when you touch it or when it gets hit. But when you don't, it won't  but after a month it wouldn't hurt na!"
1753744886,fun,@chasepino ur funny  gnight
1753256885,empty,"@capricorn_one ok, I realise your up early because you've joined the cult of mac, nvm"
1964534599,sadness,@Jesusfreak1900 probably.  sucks for you.
1753886824,surprise,@MissxMarisa Then I guess that makes me Dot?
1966096234,sadness,"Sh t, I'm getting even more sad. I'm currently at the library and j think it'll be the last one tooooo"
1694727799,relief,yay my research paper is finally 4 and a half pages&lt;3 not going on bus was not bad after all
1961227194,hate,Ugh i hate not having my car!! i miss you my little ford focus!!!
1965599330,empty,"@shanselman still no class loaders, or even custom assembly loaders"
1750928472,fun,waiting for JONAS to come on
1753328713,fun,@gulpanag watching dor on utv movies again great performance
1752943030,happiness,Alright gang. Gotta go park with family for an hour. Back then  Mwahs to yu if you head to bed before then
1694422150,worry,"@lexia first ripping off the bbc design, now bebo? For shame.."
1961190230,relief,time for work!
1962710492,worry,@iamdiddy me.  confused about a guy...he's great but why am I pushing him away?
1963647690,empty,Woke up... cleaned... Aunt Emmas... Walmart.. Commissary... Now its time for a nap!!!.. then off to work
1965251625,fun,I'm SO thinking about skippin out to NY in the morning. . . but all of my plans were for tonight  well . . . most of them anyway.
1694051260,love,http://twitpic.com/4j99z - a gift from my boyfriend... this little guy keeps me company at night
1964982051,empty,because it is too hot i am sleeping with the window open. just means all the noise will make me up early
1963280484,happiness,omg a rat... ewwwww. omg i cant wait for tha marra.. so ecxcited. annabel cant go tho
1960137406,anger,"@Greenwichlad Oh let me clarify,know lots of nice people who live there, but thought it always was a breeding ground 4 BNP"
1753293896,neutral,@Lesley_M make sure you watch in HD
1958038404,worry,"Forced myself out of bed this morning, but failed to cycle in. Damn."
1958088999,happiness,@Jessums31 yup its working. they couldn't recover anything on it though
1694492283,surprise,Ohhh Ladyhawke is on channel 4  I sort of have a thing for Rutger Hauer http://twitpic.com/4jbzv
1962941194,hate,@LadyLucius Oh eww that is suck!
1695884965,happiness,@daniamiwa Were you at the parade yesterday at Powderhorn? Guessing Ava and Bella were similarly mesmerized by the whimsical fairyness
